Comparison,Mean Diff (ann.),t-stat,t p-value,t Sig.,SR(GA),SR(Bench),SR Diff,z-stat,JK p-value,JK Sig.
GA vs 1/N,-0.05151350955975258,-1.7562128578302836,0.08027163258679192,False,0.23547380581910624,0.5262332056652391,-0.2907593998461329,-1.7079917801823186,0.08763786768588333,False
GA vs Unconstrained MVO,-0.0362495117419823,-1.8640664594201481,0.0634798137832174,False,0.23547380581910624,0.5604882725230084,-0.32501446670390216,-2.7650652658714745,0.005691140780313297,True
GA vs Constrained MVO,-0.035800364230447364,-1.8371857591915033,0.06736467034434972,False,0.23547380581910624,0.5571691896376333,-0.321695383818527,-2.7302649346242838,0.006328344578677925,True
