mean,std,min,max,median,pct_at_lower_bound,pct_at_upper_bound
16.253968253968253,5.425976340713641,10.0,30.0,15.0,19.841269841269842,0.7936507936507936
