mean,std,min,max,median,pct_at_lower_bound,pct_at_upper_bound
14.412698412698413,3.91293664242687,10.0,26.0,14.0,20.634920634920633,0.0
